{
  "benchmark_config": {
    "benchmark_runs": 20,
    "model_path": "/Users/tallam/github/tallamjr/origin/pup/models/yolov8n.onnx",
    "warmup_runs": 3
  },
  "comparison": {
    "improvement_percent": 77.77783874784319,
    "speedup": 4.500012346472125
  },
  "coreml": {
    "avg_time_ms": 9.89148955,
    "execution_provider": "CoreML",
    "max_time_ms": 12.363959000000001,
    "min_time_ms": 8.183417,
    "std_dev_ms": 1.1435050097907957,
    "timings_ms": [
      8.183417,
      9.852,
      8.949458,
      8.814416,
      9.16375,
      8.492666,
      8.669333,
      9.139417,
      8.820833,
      9.563959,
      10.192958,
      9.9885,
      9.667208,
      9.830542,
      11.389125,
      11.257292,
      10.908583,
      12.363959000000001,
      11.461167,
      11.121208000000001
    ]
  },
  "cpu": {
    "avg_time_ms": 44.511825099999996,
    "execution_provider": "CPU",
    "max_time_ms": 54.847542,
    "min_time_ms": 38.818334,
    "std_dev_ms": 3.7329214104232475,
    "timings_ms": [
      42.293334,
      40.665583,
      47.038917,
      46.434542,
      38.818334,
      48.793959,
      44.818167,
      46.441834,
      42.581250000000004,
      46.238,
      43.017083,
      44.537167000000004,
      49.372125000000004,
      40.712916,
      54.847542,
      41.919041,
      43.060042,
      40.341333,
      46.800333,
      41.505
    ]
  }
}
